name,url,description,duration,remote_support,adaptive_support,test_type
Account Manager Solution,https://www.shl.com/products/product-catalog/view/account-manager-solution/,Account Manager Solution,,Yes,Yes,"['C', 'P', 'A', 'B']"
Administrative Professional - Short Form,https://www.shl.com/products/product-catalog/view/administrative-professional-short-form/,Administrative Professional - Short Form,,Yes,Yes,"['A', 'K', 'P']"
Agency Manager Solution,https://www.shl.com/products/product-catalog/view/agency-manager-solution/,Agency Manager Solution,,Yes,Yes,"['A', 'B', 'P', 'S']"
Apprentice + 8.0 Job Focused Assessment,https://www.shl.com/products/product-catalog/view/apprentice-8-0-job-focused-assessment-4261/,Apprentice + 8.0 Job Focused Assessment,,Yes,No,"['B', 'P']"
Apprentice 8.0 Job Focused Assessment,https://www.shl.com/products/product-catalog/view/apprentice-8-0-job-focused-assessment/,Apprentice 8.0 Job Focused Assessment,,Yes,No,"['B', 'P']"
Bank Administrative Assistant - Short Form,https://www.shl.com/products/product-catalog/view/bank-administrative-assistant-short-form/,Bank Administrative Assistant - Short Form,,Yes,No,"['A', 'B', 'K', 'P']"
Bank Collections Agent - Short Form,https://www.shl.com/products/product-catalog/view/bank-collections-agent-short-form/,Bank Collections Agent - Short Form,,Yes,No,"['A', 'B', 'P']"
Bank Operations Supervisor - Short Form,https://www.shl.com/products/product-catalog/view/bank-operations-supervisor-short-form/,Bank Operations Supervisor - Short Form,,Yes,Yes,"['A', 'B', 'P', 'S']"
Bilingual Spanish Reservation Agent Solution,https://www.shl.com/products/product-catalog/view/bilingual-spanish-reservation-agent-solution/,Bilingual Spanish Reservation Agent Solution,,Yes,Yes,"['B', 'P', 'S', 'A']"
"Bookkeeping, Accounting, Auditing Clerk Short Form",https://www.shl.com/products/product-catalog/view/bookkeeping-accounting-auditing-clerk-short-form/,"Bookkeeping, Accounting, Auditing Clerk Short Form",,Yes,Yes,"['P', 'S', 'K', 'B', 'A']"
Branch Manager - Short Form,https://www.shl.com/products/product-catalog/view/branch-manager-short-form/,Branch Manager - Short Form,,Yes,No,"['A', 'B', 'P']"
Cashier Solution,https://www.shl.com/products/product-catalog/view/cashier-solution/,Cashier Solution,,Yes,Yes,"['B', 'A', 'P']"
Adobe Experience Manager (New),https://www.shl.com/products/product-catalog/view/adobe-experience-manager-new/,Adobe Experience Manager (New),,Yes,No,['K']
Adobe Photoshop CC,https://www.shl.com/products/product-catalog/view/adobe-photoshop-cc/,Adobe Photoshop CC,,Yes,Yes,['K']
Aeronautical Engineering (New),https://www.shl.com/products/product-catalog/view/aeronautical-engineering-new/,Aeronautical Engineering (New),,Yes,No,['K']
Aerospace Engineering (New),https://www.shl.com/products/product-catalog/view/aerospace-engineering-new/,Aerospace Engineering (New),,Yes,No,['K']
Agile Software Development,https://www.shl.com/products/product-catalog/view/agile-software-development/,Agile Software Development,7.0,Yes,No,['K']
Agile Testing (New),https://www.shl.com/products/product-catalog/view/agile-testing-new/,Agile Testing (New),,Yes,No,['K']
AI Skills,https://www.shl.com/products/product-catalog/view/ai-skills/,AI Skills,,Yes,No,['P']
Amazon Web Services (AWS) Development (New),https://www.shl.com/products/product-catalog/view/amazon-web-services-aws-development-new/,Amazon Web Services (AWS) Development (New),,Yes,No,['K']
Android Development (New),https://www.shl.com/products/product-catalog/view/android-development-new/,Android Development (New),,Yes,No,['K']
Angular 6 (New),https://www.shl.com/products/product-catalog/view/angular-6-new/,Angular 6 (New),,Yes,No,['K']
AngularJS (New),https://www.shl.com/products/product-catalog/view/angularjs-new/,AngularJS (New),,Yes,No,['K']
Apache Hadoop (New),https://www.shl.com/products/product-catalog/view/apache-hadoop-new/,Apache Hadoop (New),,Yes,No,['K']
Apache Hadoop Extensions (New),https://www.shl.com/products/product-catalog/view/apache-hadoop-extensions-new/,Apache Hadoop Extensions (New),,Yes,No,['K']
Apache HBase (New),https://www.shl.com/products/product-catalog/view/apache-hbase-new/,Apache HBase (New),,Yes,No,['K']
Apache Hive (New),https://www.shl.com/products/product-catalog/view/apache-hive-new/,Apache Hive (New),,Yes,No,['K']
Apache Kafka (New),https://www.shl.com/products/product-catalog/view/apache-kafka-new/,Apache Kafka (New),,Yes,No,['K']
Apache Pig (New),https://www.shl.com/products/product-catalog/view/apache-pig-new/,Apache Pig (New),,Yes,No,['K']
Apache Spark (New),https://www.shl.com/products/product-catalog/view/apache-spark-new/,Apache Spark (New),,Yes,No,['K']
ASP .NET with C# (New),https://www.shl.com/products/product-catalog/view/asp-net-with-c-new/,ASP .NET with C# (New),,Yes,No,['K']
ASP.NET 4.5,https://www.shl.com/products/product-catalog/view/asp-net-4-5/,ASP.NET 4.5,,Yes,Yes,['K']
Assessment and Development Center Exercises,https://www.shl.com/products/product-catalog/view/assessment-and-development-center-exercises/,Assessment and Development Center Exercises,,Yes,No,['E']
Automata - Fix (New),https://www.shl.com/products/product-catalog/view/automata-fix-new/,Automata - Fix (New),,Yes,No,['S']
Automata - SQL (New),https://www.shl.com/products/product-catalog/view/automata-sql-new/,Automata - SQL (New),,Yes,No,['S']
Automata (New),https://www.shl.com/products/product-catalog/view/automata-new/,Automata (New),,Yes,No,['S']
Automata Data Science (New),https://www.shl.com/products/product-catalog/view/automata-data-science-new/,Automata Data Science (New),,Yes,No,['S']
Automata Data Science Pro (New),https://www.shl.com/products/product-catalog/view/automata-data-science-pro-new/,Automata Data Science Pro (New),,Yes,No,['S']
Automata Front End,https://www.shl.com/products/product-catalog/view/automata-front-end/,Automata Front End,30.0,Yes,No,['S']
Automata Pro (New),https://www.shl.com/products/product-catalog/view/automata-pro-new/,Automata Pro (New),,Yes,No,['S']
Automata Selenium,https://www.shl.com/products/product-catalog/view/automata-selenium/,Automata Selenium,,Yes,No,['S']
Automation Anywhere RPA Development (New),https://www.shl.com/products/product-catalog/view/automation-anywhere-rpa-development-new/,Automation Anywhere RPA Development (New),,Yes,No,['K']
Automotive Engineering (New),https://www.shl.com/products/product-catalog/view/automotive-engineering-new/,Automotive Engineering (New),,Yes,No,['K']
Basic Biology (New),https://www.shl.com/products/product-catalog/view/basic-biology-new/,Basic Biology (New),,Yes,No,['K']
Basic Computer Literacy (Windows 10) (New),https://www.shl.com/products/product-catalog/view/basic-computer-literacy-windows-10-new/,Basic Computer Literacy (Windows 10) (New),,Yes,No,"['S', 'K']"
Basic Statistics (New),https://www.shl.com/products/product-catalog/view/basic-statistics-new/,Basic Statistics (New),,Yes,No,['K']
Biochemistry (New),https://www.shl.com/products/product-catalog/view/biochemistry-new/,Biochemistry (New),,Yes,No,['K']
Biotech Lab Techniques (New),https://www.shl.com/products/product-catalog/view/biotech-lab-techniques-new/,Biotech Lab Techniques (New),,Yes,No,['K']
BizTalk (New),https://www.shl.com/products/product-catalog/view/biztalk-new/,BizTalk (New),,Yes,No,['K']
Business Communication (adaptive),https://www.shl.com/products/product-catalog/view/business-communication-adaptive/,Business Communication (adaptive),,Yes,Yes,['K']
Business Communications,https://www.shl.com/products/product-catalog/view/business-communications/,Business Communications,,Yes,No,['K']
C Programming (New),https://www.shl.com/products/product-catalog/view/c-programming-new/,C Programming (New),,Yes,No,['K']
C# Programming (New),https://www.shl.com/products/product-catalog/view/c-programming-new-4039/,C# Programming (New),,Yes,No,['K']
C++ Programming (New),https://www.shl.com/products/product-catalog/view/c-programming-new-4122/,C++ Programming (New),,Yes,No,['K']
Cardiology and Diabetes Management (New),https://www.shl.com/products/product-catalog/view/cardiology-and-diabetes-management-new/,Cardiology and Diabetes Management (New),,Yes,No,['K']
Ceramic Engineering (New),https://www.shl.com/products/product-catalog/view/ceramic-engineering-new/,Ceramic Engineering (New),,Yes,No,['K']
Chemical Engineering (New),https://www.shl.com/products/product-catalog/view/chemical-engineering-new/,Chemical Engineering (New),,Yes,No,['K']
Cisco AppDynamics (New),https://www.shl.com/products/product-catalog/view/cisco-appdynamics-new/,Cisco AppDynamics (New),,Yes,No,['K']
Civil Engineering (New),https://www.shl.com/products/product-catalog/view/civil-engineering-new/,Civil Engineering (New),,Yes,No,['K']
Cloud Computing (New),https://www.shl.com/products/product-catalog/view/cloud-computing-new/,Cloud Computing (New),,Yes,No,['K']
COBOL Programming (New),https://www.shl.com/products/product-catalog/view/cobol-programming-new/,COBOL Programming (New),,Yes,No,['K']
Computer Science (New),https://www.shl.com/products/product-catalog/view/computer-science-new/,Computer Science (New),,Yes,No,['K']
Contact Center Call Simulation (New),https://www.shl.com/products/product-catalog/view/contact-center-call-simulation-new/,Contact Center Call Simulation (New),,Yes,No,['S']
Conversational Multichat Simulation,https://www.shl.com/products/product-catalog/view/conversational-multichat-simulation/,Conversational Multichat Simulation,,Yes,No,['S']
Core Java (Advanced Level) (New),https://www.shl.com/products/product-catalog/view/core-java-advanced-level-new/,Core Java (Advanced Level) (New),,Yes,No,['K']
Core Java (Entry Level) (New),https://www.shl.com/products/product-catalog/view/core-java-entry-level-new/,Core Java (Entry Level) (New),,Yes,No,['K']
Count Out The Money,https://www.shl.com/products/product-catalog/view/count-out-the-money/,Count Out The Money,,Yes,Yes,"['K', 'S']"
CSS3 (New),https://www.shl.com/products/product-catalog/view/css3-new/,CSS3 (New),,Yes,No,['K']
Culinary Skills (New),https://www.shl.com/products/product-catalog/view/culinary-skills-new/,Culinary Skills (New),,Yes,No,['K']
Customer Service Phone Simulation,https://www.shl.com/products/product-catalog/view/customer-service-phone-simulation/,Customer Service Phone Simulation,,Yes,No,"['B', 'S']"
Customer Service Phone Solution,https://www.shl.com/products/product-catalog/view/customer-service-phone-solution/,Customer Service Phone Solution,,Yes,No,"['B', 'P', 'S']"
Cyber Risk (New),https://www.shl.com/products/product-catalog/view/cyber-risk-new/,Cyber Risk (New),,Yes,No,['K']
Data Entry (New),https://www.shl.com/products/product-catalog/view/data-entry-new/,Data Entry (New),,Yes,No,['S']
Data Entry Alphanumeric Split Screen - US,https://www.shl.com/products/product-catalog/view/data-entry-alphanumeric-split-screen-us/,Data Entry Alphanumeric Split Screen - US,,Yes,No,['K']
Data Entry Numeric Split Screen - US,https://www.shl.com/products/product-catalog/view/data-entry-numeric-split-screen-us/,Data Entry Numeric Split Screen - US,,Yes,No,['K']
Data Entry Ten Key Split Screen,https://www.shl.com/products/product-catalog/view/data-entry-ten-key-split-screen/,Data Entry Ten Key Split Screen,,Yes,No,['K']
Data Science (New),https://www.shl.com/products/product-catalog/view/data-science-new/,Data Science (New),,Yes,No,['K']
Data Warehousing Concepts,https://www.shl.com/products/product-catalog/view/data-warehousing-concepts/,Data Warehousing Concepts,,Yes,Yes,['K']
Dependability and Safety Instrument (DSI),https://www.shl.com/products/product-catalog/view/dependability-and-safety-instrument-dsi/,Dependability and Safety Instrument (DSI),,Yes,No,['P']
Dermatology (New),https://www.shl.com/products/product-catalog/view/dermatology-new/,Dermatology (New),,Yes,No,['K']
Desktop Support (New),https://www.shl.com/products/product-catalog/view/desktop-support-new/,Desktop Support (New),,Yes,No,['K']
Digital Advertising (New),https://www.shl.com/products/product-catalog/view/digital-advertising-new/,Digital Advertising (New),,Yes,No,['K']
Digital Readiness Development Report - IC,https://www.shl.com/products/product-catalog/view/digital-readiness-development-report/,Digital Readiness Development Report - IC,,Yes,No,['P']
Digital Readiness Development Report - Manager,https://www.shl.com/products/product-catalog/view/digital-readiness-development-report-manager/,Digital Readiness Development Report - Manager,,Yes,No,['P']
Docker (New),https://www.shl.com/products/product-catalog/view/docker-new/,Docker (New),,Yes,No,['K']
Dojo (New),https://www.shl.com/products/product-catalog/view/dojo-new/,Dojo (New),,Yes,No,['K']
Drupal (New),https://www.shl.com/products/product-catalog/view/drupal-new/,Drupal (New),,Yes,No,['K']
DSI v1.1 Interpretation Report,https://www.shl.com/products/product-catalog/view/dsi-v1-1-interpretation-report/,DSI v1.1 Interpretation Report,,Yes,No,['P']
Econometrics (New),https://www.shl.com/products/product-catalog/view/econometrics-new/,Econometrics (New),,Yes,No,['K']
Economics (New),https://www.shl.com/products/product-catalog/view/economics-new/,Economics (New),,Yes,No,['K']
Electrical and Electronics Engineering (New),https://www.shl.com/products/product-catalog/view/electrical-and-electronics-engineering-new/,Electrical and Electronics Engineering (New),,Yes,No,['K']
Electrical Engineering (New),https://www.shl.com/products/product-catalog/view/electrical-engineering-new/,Electrical Engineering (New),,Yes,No,['K']
Electronics & Telecommunications Engineering (New),https://www.shl.com/products/product-catalog/view/electronics-and-telecommunications-engineering-new/,Electronics & Telecommunications Engineering (New),,Yes,No,['K']
Electronics and Embedded Systems Engineering (New),https://www.shl.com/products/product-catalog/view/electronics-and-embedded-systems-engineering-new/,Electronics and Embedded Systems Engineering (New),,Yes,No,['K']
Electronics and Semiconductor Engineering (New),https://www.shl.com/products/product-catalog/view/electronics-and-semiconductor-engineering-new/,Electronics and Semiconductor Engineering (New),,Yes,No,['K']
English Comprehension (New),https://www.shl.com/products/product-catalog/view/english-comprehension-new/,English Comprehension (New),,Yes,No,['K']
Enterprise Java Beans (New),https://www.shl.com/products/product-catalog/view/enterprise-java-beans-new/,Enterprise Java Beans (New),,Yes,No,['K']
Enterprise Leadership Report 1.0,https://www.shl.com/products/product-catalog/view/enterprise-leadership-report/,Enterprise Leadership Report 1.0,,Yes,No,['P']
Enterprise Leadership Report 2.0,https://www.shl.com/products/product-catalog/view/enterprise-leadership-report-2-0/,Enterprise Leadership Report 2.0,,Yes,No,['P']
Entry Level Cashier Solution,https://www.shl.com/products/product-catalog/view/entry-level-cashier-solution/,Entry Level Cashier Solution,,Yes,No,"['C', 'P']"
Entry Level Customer Serv-Retail & Contact Center,https://www.shl.com/products/product-catalog/view/entry-level-customer-serv-retail-and-contact-center/,Entry Level Customer Serv-Retail & Contact Center,,Yes,No,"['P', 'C']"
Entry Level Customer Service (General) Solution,https://www.shl.com/products/product-catalog/view/entry-level-customer-service-general-solution/,Entry Level Customer Service (General) Solution,,Yes,No,"['C', 'P']"
Entry Level Hotel Front Desk Solution,https://www.shl.com/products/product-catalog/view/entry-level-hotel-front-desk-solution/,Entry Level Hotel Front Desk Solution,,Yes,No,"['C', 'P']"
Entry Level Sales Solution,https://www.shl.com/products/product-catalog/view/entry-level-sales-solution/,Entry Level Sales Solution,,Yes,No,"['C', 'P']"
Entry Level Technical Support Solution,https://www.shl.com/products/product-catalog/view/entry-level-technical-support-solution/,Entry Level Technical Support Solution,,Yes,No,"['P', 'C']"
ETL Testing (New),https://www.shl.com/products/product-catalog/view/etl-testing-new/,ETL Testing (New),,Yes,No,['K']
Executive Scenarios,https://www.shl.com/products/product-catalog/view/executive-scenarios/,Executive Scenarios,,Yes,No,['B']
Executive Scenarios Narrative Report,https://www.shl.com/products/product-catalog/view/executive-scenarios-narrative-report/,Executive Scenarios Narrative Report,,Yes,No,['B']
Executive Scenarios Profile Report,https://www.shl.com/products/product-catalog/view/executive-scenarios-profile-report/,Executive Scenarios Profile Report,,Yes,No,['B']
ExpressJS (New),https://www.shl.com/products/product-catalog/view/expressjs-new/,ExpressJS (New),,Yes,No,['K']
Filing - Names (R1),https://www.shl.com/products/product-catalog/view/filing-names-r1/,Filing - Names (R1),,Yes,No,['K']
Filing - Numbers,https://www.shl.com/products/product-catalog/view/filing-numbers/,Filing - Numbers,,Yes,No,['K']
Financial Accounting (New),https://www.shl.com/products/product-catalog/view/financial-accounting-new/,Financial Accounting (New),,Yes,No,['K']
Financial and Banking Services (New),https://www.shl.com/products/product-catalog/view/financial-and-banking-services-new/,Financial and Banking Services (New),,Yes,No,['K']
Fire Engineering (New),https://www.shl.com/products/product-catalog/view/fire-engineering-new/,Fire Engineering (New),,Yes,No,['K']
Following Instructions v1 - UK (R1),https://www.shl.com/products/product-catalog/view/following-instructions-v1-uk-r1/,Following Instructions v1 - UK (R1),,Yes,No,['K']
Following Instructions v1 - US (R2),https://www.shl.com/products/product-catalog/view/following-instructions-v1-us-r2/,Following Instructions v1 - US (R2),,Yes,No,['K']
Food and Beverage Services (New),https://www.shl.com/products/product-catalog/view/food-and-beverage-services-new/,Food and Beverage Services (New),,Yes,No,['K']
Food Science (New),https://www.shl.com/products/product-catalog/view/food-science-new/,Food Science (New),,Yes,No,['K']
Front Office Management (New),https://www.shl.com/products/product-catalog/view/front-office-management-new/,Front Office Management (New),,Yes,No,['K']
Fundamentals of Chemistry (New),https://www.shl.com/products/product-catalog/view/fundamentals-of-chemistry-new/,Fundamentals of Chemistry (New),,Yes,No,['K']
Fundamentals of Physics (New),https://www.shl.com/products/product-catalog/view/fundamentals-of-physics-new/,Fundamentals of Physics (New),,Yes,No,['K']
General Diseases (New),https://www.shl.com/products/product-catalog/view/general-diseases-new/,General Diseases (New),,Yes,No,['K']
Geoinformatics Engineering (New),https://www.shl.com/products/product-catalog/view/geoinformatics-engineering-new/,Geoinformatics Engineering (New),,Yes,No,['K']
Geoscience Engineering (New),https://www.shl.com/products/product-catalog/view/geoscience-engineering-new/,Geoscience Engineering (New),,Yes,No,['K']
GIT (New),https://www.shl.com/products/product-catalog/view/git-new/,GIT (New),,Yes,No,['K']
Global Skills Assessment,https://www.shl.com/products/product-catalog/view/global-skills-assessment/,Global Skills Assessment,,Yes,No,"['C', 'K']"
Graduate Scenarios,https://www.shl.com/products/product-catalog/view/graduate-scenarios/,Graduate Scenarios,,Yes,No,['B']
Graduate Scenarios Narrative Report,https://www.shl.com/products/product-catalog/view/graduate-scenarios-narrative-report/,Graduate Scenarios Narrative Report,,Yes,No,['B']
Graduate Scenarios Profile Report,https://www.shl.com/products/product-catalog/view/graduate-scenarios-profile-report/,Graduate Scenarios Profile Report,,Yes,No,['B']
Hibernate (New),https://www.shl.com/products/product-catalog/view/hibernate-new/,Hibernate (New),,Yes,No,['K']
HIPAA (Security),https://www.shl.com/products/product-catalog/view/hipaa-security/,HIPAA (Security),,Yes,Yes,['K']
HiPo Assessment Report 1.0,https://www.shl.com/products/product-catalog/view/hipo-assessment-report-1-0/,HiPo Assessment Report 1.0,,Yes,No,"['C', 'P']"
HiPo Assessment Report 2.0,https://www.shl.com/products/product-catalog/view/hipo-assessment-report-2-0/,HiPo Assessment Report 2.0,,Yes,No,"['C', 'P']"
HiPo Unlocking Potential Report 2.0,https://www.shl.com/products/product-catalog/view/hipo-unlocking-potential-report-2-0/,HiPo Unlocking Potential Report 2.0,,Yes,No,['C']
Housekeeping (New),https://www.shl.com/products/product-catalog/view/housekeeping-new/,Housekeeping (New),,Yes,No,['K']
HTML/CSS (New),https://www.shl.com/products/product-catalog/view/htmlcss-new/,HTML/CSS (New),,Yes,No,['K']
HTML5 (New),https://www.shl.com/products/product-catalog/view/html5-new/,HTML5 (New),,Yes,No,['K']
Human Resources (New),https://www.shl.com/products/product-catalog/view/human-resources-new/,Human Resources (New),,Yes,No,['K']
IBM DataStage (New),https://www.shl.com/products/product-catalog/view/ibm-datastage-new/,IBM DataStage (New),,Yes,No,['K']
IBM Sterling Order Management System (New),https://www.shl.com/products/product-catalog/view/ibm-sterling-order-management-system-new/,IBM Sterling Order Management System (New),,Yes,No,['K']
Industrial Engineering (New),https://www.shl.com/products/product-catalog/view/industrial-engineering-new/,Industrial Engineering (New),,Yes,No,['K']
Informatica (Architecture) (New),https://www.shl.com/products/product-catalog/view/informatica-architecture-new/,Informatica (Architecture) (New),,Yes,No,['K']
Informatica (Developer) (New),https://www.shl.com/products/product-catalog/view/informatica-developer-new/,Informatica (Developer) (New),,Yes,No,['K']
Instrumentation Engineering (New),https://www.shl.com/products/product-catalog/view/instrumentation-engineering-new/,Instrumentation Engineering (New),,Yes,No,['K']
Interpersonal Communications,https://www.shl.com/products/product-catalog/view/interpersonal-communications/,Interpersonal Communications,,Yes,Yes,['K']
Interviewing and Hiring Concepts (U.S.),https://www.shl.com/products/product-catalog/view/interviewing-and-hiring-concepts-u-s/,Interviewing and Hiring Concepts (U.S.),,Yes,Yes,['K']
iOS Development (New),https://www.shl.com/products/product-catalog/view/ios-development-new/,iOS Development (New),,Yes,No,['K']
ITIL (IT Infrastructure Library) (New),https://www.shl.com/products/product-catalog/view/itil-it-infrastructure-library-new/,ITIL (IT Infrastructure Library) (New),,Yes,No,['K']
Java 2 Platform Enterprise Edition 1.4 Fundamental,https://www.shl.com/products/product-catalog/view/java-2-platform-enterprise-edition-1-4-fundamental/,Java 2 Platform Enterprise Edition 1.4 Fundamental,,Yes,Yes,['K']
Java 8 (New),https://www.shl.com/products/product-catalog/view/java-8-new/,Java 8 (New),,Yes,No,['K']
Java Design Patterns (New),https://www.shl.com/products/product-catalog/view/java-design-patterns-new/,Java Design Patterns (New),,Yes,No,['K']
Java Frameworks (New),https://www.shl.com/products/product-catalog/view/java-frameworks-new/,Java Frameworks (New),,Yes,No,['K']
Java Platform Enterprise Edition 7 (Java EE 7),https://www.shl.com/products/product-catalog/view/java-platform-enterprise-edition-7-java-ee-7/,Java Platform Enterprise Edition 7 (Java EE 7),,Yes,Yes,['K']
Java Web Services (New),https://www.shl.com/products/product-catalog/view/java-web-services-new/,Java Web Services (New),,Yes,No,['K']
JavaScript (New),https://www.shl.com/products/product-catalog/view/javascript-new/,JavaScript (New),,Yes,No,['K']
Jenkins (New),https://www.shl.com/products/product-catalog/view/jenkins-new/,Jenkins (New),,Yes,No,['K']
Job Control Language (New),https://www.shl.com/products/product-catalog/view/job-control-language-new/,Job Control Language (New),,Yes,No,['K']
jQuery (New),https://www.shl.com/products/product-catalog/view/jquery-new/,jQuery (New),,Yes,No,['K']
Kubernetes (New),https://www.shl.com/products/product-catalog/view/kubernetes-new/,Kubernetes (New),,Yes,No,['K']
Linux Administration (New),https://www.shl.com/products/product-catalog/view/linux-administration-new/,Linux Administration (New),,Yes,No,['K']
Linux Operating System,https://www.shl.com/products/product-catalog/view/linux-operating-system/,Linux Operating System,,Yes,No,['K']
Linux Programming (General),https://www.shl.com/products/product-catalog/view/linux-programming-general/,Linux Programming (General),,Yes,Yes,['K']
Load Runner (New),https://www.shl.com/products/product-catalog/view/load-runner-new/,Load Runner (New),,Yes,No,['K']
Management Scenarios,https://www.shl.com/products/product-catalog/view/management-scenarios/,Management Scenarios,,Yes,No,['B']
Managerial Scenarios Candidate Report,https://www.shl.com/products/product-catalog/view/managerial-scenarios-candidate-report/,Managerial Scenarios Candidate Report,,Yes,No,['B']
Managerial Scenarios Narrative Report,https://www.shl.com/products/product-catalog/view/managerial-scenarios-narrative-report/,Managerial Scenarios Narrative Report,,Yes,No,['B']
Managerial Scenarios Profile Report,https://www.shl.com/products/product-catalog/view/managerial-scenarios-profile-report/,Managerial Scenarios Profile Report,,Yes,No,['B']
Manual Testing (New),https://www.shl.com/products/product-catalog/view/manual-testing-new/,Manual Testing (New),,Yes,No,['K']
Manufac. & Indust. - Mechanical & Vigilance 8.0,https://www.shl.com/products/product-catalog/view/mechanical-and-vigilance-focus-8-0/,Manufac. & Indust. - Mechanical & Vigilance 8.0,,Yes,No,"['A', 'P']"
Manufac. & Indust. - Safety & Dependability 8.0,https://www.shl.com/products/product-catalog/view/safety-and-dependability-focus-8-0/,Manufac. & Indust. - Safety & Dependability 8.0,,Yes,No,['P']
Manufacturing & Industrial - Essential Focus 8.0,https://www.shl.com/products/product-catalog/view/essential-focus-8-0/,Manufacturing & Industrial - Essential Focus 8.0,,Yes,No,['P']
Manufacturing & Industrial - Mechanical Focus 8.0,https://www.shl.com/products/product-catalog/view/mechanical-focus-8-0/,Manufacturing & Industrial - Mechanical Focus 8.0,,Yes,No,"['A', 'P']"
Manufacturing & Industrial - Vigilance Focus 8.0,https://www.shl.com/products/product-catalog/view/vigilance-focus-8-0/,Manufacturing & Industrial - Vigilance Focus 8.0,,Yes,No,"['A', 'P']"
Marketing (New),https://www.shl.com/products/product-catalog/view/marketing-new/,Marketing (New),,Yes,No,['K']
Maven (New),https://www.shl.com/products/product-catalog/view/maven-new/,Maven (New),,Yes,No,['K']
Mechanical Engineering (New),https://www.shl.com/products/product-catalog/view/mechanical-engineering-new/,Mechanical Engineering (New),,Yes,No,['K']
Mechatronics Engineering (New),https://www.shl.com/products/product-catalog/view/mechatronics-engineering-new/,Mechatronics Engineering (New),,Yes,No,['K']
Medical Terminology (New),https://www.shl.com/products/product-catalog/view/medical-terminology-new/,Medical Terminology (New),,Yes,No,['K']
Metallurgical Engineering (New),https://www.shl.com/products/product-catalog/view/metallurgical-engineering-new/,Metallurgical Engineering (New),,Yes,No,['K']
MFS 360 Enterprise Leadership Report,https://www.shl.com/products/product-catalog/view/mfs-360-enterprise-leadership-report/,MFS 360 Enterprise Leadership Report,,Yes,No,['D']
MFS 360 UCF Group Report,https://www.shl.com/products/product-catalog/view/mfs-360-ucf-group-report/,MFS 360 UCF Group Report,,Yes,No,['D']
MFS 360 UCF Performance Potential Dev Tips Report,https://www.shl.com/products/product-catalog/view/mfs-360-ucf-performance-potential-dev-tips-report/,MFS 360 UCF Performance Potential Dev Tips Report,,Yes,No,['D']
MFS 360 UCF Standard Report,https://www.shl.com/products/product-catalog/view/mfs-360-ucf-standard-report/,MFS 360 UCF Standard Report,,Yes,No,['D']
Micro Focus Unified Functional Testing (New),https://www.shl.com/products/product-catalog/view/micro-focus-unified-functional-testing-new/,Micro Focus Unified Functional Testing (New),,Yes,No,['K']
Microservices (New),https://www.shl.com/products/product-catalog/view/microservices-new/,Microservices (New),,Yes,No,['K']
Microsoft Dynamics Development (New),https://www.shl.com/products/product-catalog/view/microsoft-dynamics-development-new/,Microsoft Dynamics Development (New),,Yes,No,['K']
Microsoft Excel 365 - Essentials (New),https://www.shl.com/products/product-catalog/view/microsoft-excel-365-essentials-new/,Microsoft Excel 365 - Essentials (New),,Yes,No,"['K', 'S']"
Microsoft Excel 365 (New),https://www.shl.com/products/product-catalog/view/microsoft-excel-365-new/,Microsoft Excel 365 (New),,Yes,No,"['K', 'S']"
Microsoft Outlook 2013 (adaptive),https://www.shl.com/products/product-catalog/view/microsoft-outlook-2013-adaptive/,Microsoft Outlook 2013 (adaptive),,Yes,Yes,['K']
Microsoft PowerPoint 365 - Essentials (New),https://www.shl.com/products/product-catalog/view/microsoft-powerpoint-365-essentials-new/,Microsoft PowerPoint 365 - Essentials (New),,Yes,No,"['K', 'S']"
Microsoft SQL Server 2014 Programming,https://www.shl.com/products/product-catalog/view/microsoft-sql-server-2014-programming/,Microsoft SQL Server 2014 Programming,,Yes,Yes,['K']
Microsoft Windows Server 2012 Administration,https://www.shl.com/products/product-catalog/view/microsoft-windows-server-2012-administration/,Microsoft Windows Server 2012 Administration,,Yes,Yes,['K']
Microsoft Word 365 - Essentials (New),https://www.shl.com/products/product-catalog/view/microsoft-word-365-essentials-new/,Microsoft Word 365 - Essentials (New),,Yes,No,"['K', 'S']"
Microsoft Word 365 (New),https://www.shl.com/products/product-catalog/view/microsoft-word-365-new/,Microsoft Word 365 (New),,Yes,No,"['S', 'K']"
Mineral Engineering (New),https://www.shl.com/products/product-catalog/view/mineral-engineering-new/,Mineral Engineering (New),,Yes,No,['K']
Mining Engineering (New),https://www.shl.com/products/product-catalog/view/mining-engineering-new/,Mining Engineering (New),,Yes,No,['K']
Mobility (New),https://www.shl.com/products/product-catalog/view/mobility-new/,Mobility (New),,Yes,No,['K']
Molecular Biology (New),https://www.shl.com/products/product-catalog/view/molecular-biology-new/,Molecular Biology (New),,Yes,No,['K']
MongoDB (New),https://www.shl.com/products/product-catalog/view/mongodb-new/,MongoDB (New),,Yes,No,['K']
Motivation Questionnaire MQM5,https://www.shl.com/products/product-catalog/view/motivation-questionnaire-mqm5/,Motivation Questionnaire MQM5,,Yes,No,['P']
MQ Candidate Motivation Report,https://www.shl.com/products/product-catalog/view/mq-candidate-motivation-report/,MQ Candidate Motivation Report,,Yes,No,['P']
MQ Employee Motivation Report,https://www.shl.com/products/product-catalog/view/mq-employee-motivation-report/,MQ Employee Motivation Report,,Yes,No,['P']
MQ Motivation Report Pack,https://www.shl.com/products/product-catalog/view/mq-motivation-report-pack/,MQ Motivation Report Pack,,Yes,No,['P']
MQ Profile,https://www.shl.com/products/product-catalog/view/mq-profile/,MQ Profile,,Yes,No,['P']
MS Access (New),https://www.shl.com/products/product-catalog/view/ms-access-new/,MS Access (New),,Yes,No,['K']
MS Excel (New),https://www.shl.com/products/product-catalog/view/ms-excel-new/,MS Excel (New),,Yes,No,['K']
MS Office Basic Computer Literacy (New),https://www.shl.com/products/product-catalog/view/ms-office-basic-computer-literacy-new/,MS Office Basic Computer Literacy (New),,Yes,No,['K']
MS Office Basic Computer Literacy (Sim) (New),https://www.shl.com/products/product-catalog/view/ms-office-basic-computer-literacy-sim-new/,MS Office Basic Computer Literacy (Sim) (New),,Yes,No,['S']
MS PowerPoint (New),https://www.shl.com/products/product-catalog/view/ms-powerpoint-new/,MS PowerPoint (New),,Yes,No,['K']
MS Word (New),https://www.shl.com/products/product-catalog/view/ms-word-new/,MS Word (New),,Yes,No,['K']
MuleSoft Development (New),https://www.shl.com/products/product-catalog/view/mulesoft-development-new/,MuleSoft Development (New),,Yes,No,['K']
Multitasking Ability,https://www.shl.com/products/product-catalog/view/multitasking-ability/,Multitasking Ability,,Yes,No,"['A', 'K', 'S']"
Networking and Implementation (New),https://www.shl.com/products/product-catalog/view/networking-and-implementation-new/,Networking and Implementation (New),,Yes,No,['K']
Node.js (New),https://www.shl.com/products/product-catalog/view/node-js-new/,Node.js (New),,Yes,No,['K']
Nursing (New),https://www.shl.com/products/product-catalog/view/nursing-new/,Nursing (New),,Yes,No,['K']
Occupational Personality Questionnaire OPQ32r,https://www.shl.com/products/product-catalog/view/occupational-personality-questionnaire-opq32r/,Occupational Personality Questionnaire OPQ32r,,Yes,No,['P']
Operations Management (New),https://www.shl.com/products/product-catalog/view/operations-management-new/,Operations Management (New),,Yes,No,['K']
OPQ Candidate Plus Report,https://www.shl.com/products/product-catalog/view/opq-candidate-plus-report/,OPQ Candidate Plus Report,,Yes,No,['P']
OPQ Candidate Report 2.0,https://www.shl.com/products/product-catalog/view/opq-candidate-report-2-0/,OPQ Candidate Report 2.0,,Yes,No,['P']
OPQ Emotional Intelligence Report,https://www.shl.com/products/product-catalog/view/opq-emotional-intelligence-report/,OPQ Emotional Intelligence Report,,Yes,No,['P']
OPQ Leadership Report,https://www.shl.com/products/product-catalog/view/opq-leadership-report/,OPQ Leadership Report,,Yes,No,['P']
OPQ Manager Plus Report,https://www.shl.com/products/product-catalog/view/opq-manager-plus-report/,OPQ Manager Plus Report,,Yes,No,['P']
OPQ Manager Plus Report 2.0,https://www.shl.com/products/product-catalog/view/opq-manager-plus-report-2-0/,OPQ Manager Plus Report 2.0,,Yes,No,['P']
OPQ Maximising your Learning Report,https://www.shl.com/products/product-catalog/view/opq-maximising-your-learning-report/,OPQ Maximising your Learning Report,,Yes,No,['P']
OPQ MQ Sales Report,https://www.shl.com/products/product-catalog/view/opq-mq-sales-report/,OPQ MQ Sales Report,,Yes,No,['P']
OPQ Premium Plus Report,https://www.shl.com/products/product-catalog/view/opq-premium-plus-report/,OPQ Premium Plus Report,,Yes,No,['P']
OPQ Premium Plus Report 2.0,https://www.shl.com/products/product-catalog/view/opq-premium-plus-report-2-0/,OPQ Premium Plus Report 2.0,,Yes,No,['P']
OPQ Profile Report,https://www.shl.com/products/product-catalog/view/opq-profile-report/,OPQ Profile Report,,Yes,No,['P']
OPQ Team Impact Group Development Report,https://www.shl.com/products/product-catalog/view/opq-team-impact-group-development-report/,OPQ Team Impact Group Development Report,,Yes,No,['P']
OPQ Team Impact Individual Development Report,https://www.shl.com/products/product-catalog/view/opq-team-impact-individual-development-report/,OPQ Team Impact Individual Development Report,,Yes,No,['P']
OPQ Team Impact Selection Report,https://www.shl.com/products/product-catalog/view/opq-team-impact-selection-report/,OPQ Team Impact Selection Report,,Yes,No,['P']
OPQ Team Types & Leadership Styles Profile,https://www.shl.com/products/product-catalog/view/opq-team-types-and-leadership-styles-profile/,OPQ Team Types & Leadership Styles Profile,,Yes,No,['P']
OPQ Team Types and Leadership Styles Report,https://www.shl.com/products/product-catalog/view/opq-team-types-and-leadership-styles-report/,OPQ Team Types and Leadership Styles Report,,Yes,No,['P']
OPQ UCF Development Action Planner Report 1.0,https://www.shl.com/products/product-catalog/view/opq-ucf-development-action-planner-report/,OPQ UCF Development Action Planner Report 1.0,,Yes,No,['P']
OPQ UCF Development Action Planner Report 2.0,https://www.shl.com/products/product-catalog/view/opq-ucf-development-action-planner-report-2-0/,OPQ UCF Development Action Planner Report 2.0,,Yes,No,['P']
OPQ Universal Competency Report 1.0,https://www.shl.com/products/product-catalog/view/opq-universal-competency-report/,OPQ Universal Competency Report 1.0,,Yes,No,['P']
OPQ Universal Competency Report 2.0,https://www.shl.com/products/product-catalog/view/opq-universal-competency-report-2-0/,OPQ Universal Competency Report 2.0,,Yes,No,['P']
OPQ User and Managers Report,https://www.shl.com/products/product-catalog/view/opq-user-and-managers-report/,OPQ User and Managers Report,,Yes,No,['P']
OPQ User Report,https://www.shl.com/products/product-catalog/view/opq-user-report/,OPQ User Report,,Yes,No,"['P', 'S']"
Oracle DBA (Advanced Level) (New),https://www.shl.com/products/product-catalog/view/oracle-dba-advanced-level-new/,Oracle DBA (Advanced Level) (New),,Yes,No,['K']
Oracle DBA (Entry Level) (New),https://www.shl.com/products/product-catalog/view/oracle-dba-entry-level-new/,Oracle DBA (Entry Level) (New),,Yes,No,['K']
Oracle PL/SQL (New),https://www.shl.com/products/product-catalog/view/oracle-plsql-new/,Oracle PL/SQL (New),,Yes,No,['K']
Oracle WebLogic Server (New),https://www.shl.com/products/product-catalog/view/oracle-weblogic-server-new/,Oracle WebLogic Server (New),,Yes,No,['K']
Organic Chemistry (New),https://www.shl.com/products/product-catalog/view/organic-chemistry-new/,Organic Chemistry (New),,Yes,No,['K']
Paint Technology (New),https://www.shl.com/products/product-catalog/view/paint-technology-new/,Paint Technology (New),,Yes,No,['K']
Pediatrics (New),https://www.shl.com/products/product-catalog/view/pediatrics-new/,Pediatrics (New),,Yes,No,['K']
Pega Development (New),https://www.shl.com/products/product-catalog/view/pega-development-new/,Pega Development (New),,Yes,No,['K']
Perl (New),https://www.shl.com/products/product-catalog/view/perl-new/,Perl (New),,Yes,No,['K']
Petrochemical Engineering (New),https://www.shl.com/products/product-catalog/view/petrochemical-engineering-new/,Petrochemical Engineering (New),,Yes,No,['K']
Petroleum Engineering (New),https://www.shl.com/products/product-catalog/view/petroleum-engineering-new/,Petroleum Engineering (New),,Yes,No,['K']
Pharmaceutical Analysis (New),https://www.shl.com/products/product-catalog/view/pharmaceutical-analysis-new/,Pharmaceutical Analysis (New),,Yes,No,['K']
Pharmaceutical Chemistry (New),https://www.shl.com/products/product-catalog/view/pharmaceutical-chemistry-new/,Pharmaceutical Chemistry (New),,Yes,No,['K']
Pharmaceutical Science (New),https://www.shl.com/products/product-catalog/view/pharmaceutical-science-new/,Pharmaceutical Science (New),,Yes,No,['K']
Pharmaceutics (New),https://www.shl.com/products/product-catalog/view/pharmaceutics-new/,Pharmaceutics (New),,Yes,No,['K']
Pharmacology (New),https://www.shl.com/products/product-catalog/view/pharmacology-new/,Pharmacology (New),,Yes,No,['K']
PHP (New),https://www.shl.com/products/product-catalog/view/php-new/,PHP (New),,Yes,No,['K']
PJM Development Report,https://www.shl.com/products/product-catalog/view/pjm-development-report/,PJM Development Report,,Yes,No,"['C', 'A', 'P']"
PJM Selection Report,https://www.shl.com/products/product-catalog/view/pjm-selection-report/,PJM Selection Report,,Yes,No,"['A', 'C', 'P']"
Polymer Engineering (New),https://www.shl.com/products/product-catalog/view/polymer-engineering-new/,Polymer Engineering (New),,Yes,No,['K']
Power Electronics and Drives (New),https://www.shl.com/products/product-catalog/view/power-electronics-and-drives-new/,Power Electronics and Drives (New),,Yes,No,['K']
Power System Engineering (New),https://www.shl.com/products/product-catalog/view/power-system-engineering-new/,Power System Engineering (New),,Yes,No,['K']
Prism (New),https://www.shl.com/products/product-catalog/view/prism-new/,Prism (New),,Yes,No,['K']
Production and Industrial Engineering (New),https://www.shl.com/products/product-catalog/view/production-and-industrial-engineering-new/,Production and Industrial Engineering (New),,Yes,No,['K']
Production Engineering (New),https://www.shl.com/products/product-catalog/view/production-engineering-new/,Production Engineering (New),,Yes,No,['K']
Programming Concepts,https://www.shl.com/products/product-catalog/view/programming-concepts/,Programming Concepts,,Yes,Yes,['K']
Project Management (2013),https://www.shl.com/products/product-catalog/view/project-management-2013/,Project Management (2013),,Yes,Yes,['K']
Proofreading v1,https://www.shl.com/products/product-catalog/view/proofreading-v1/,Proofreading v1,,Yes,No,['K']
Python (New),https://www.shl.com/products/product-catalog/view/python-new/,Python (New),,Yes,No,['K']
R Programming (New),https://www.shl.com/products/product-catalog/view/r-programming-new/,R Programming (New),,Yes,No,['K']
ReactJS (New),https://www.shl.com/products/product-catalog/view/reactjs-new/,ReactJS (New),,Yes,No,['K']
Reading Comprehension - English v1,https://www.shl.com/products/product-catalog/view/reading-comprehension-english-v1/,Reading Comprehension - English v1,,Yes,Yes,['A']
Reading Comprehension - Spanish v1,https://www.shl.com/products/product-catalog/view/reading-comprehension-spanish-v1/,Reading Comprehension - Spanish v1,,Yes,Yes,['A']
Reading Comprehension v2,https://www.shl.com/products/product-catalog/view/reading-comprehension-v2/,Reading Comprehension v2,,Yes,Yes,['A']
RemoteWorkQ,https://www.shl.com/products/product-catalog/view/remoteworkq/,RemoteWorkQ,,Yes,No,['C']
RemoteWorkQ Manager Report,https://www.shl.com/products/product-catalog/view/remoteworkq-manager-report/,RemoteWorkQ Manager Report,,Yes,No,['C']
RemoteWorkQ Participant Report,https://www.shl.com/products/product-catalog/view/remoteworkq-participant-report/,RemoteWorkQ Participant Report,,Yes,No,['C']
RESTful Web Services (New),https://www.shl.com/products/product-catalog/view/restful-web-services-new/,RESTful Web Services (New),,Yes,No,['K']
Retail Sales and Service Simulation,https://www.shl.com/products/product-catalog/view/retail-sales-and-service-simulation/,Retail Sales and Service Simulation,,Yes,No,"['B', 'K', 'S', 'A']"
Reviewing Forms - US (R1),https://www.shl.com/products/product-catalog/view/reviewing-forms-us-r1/,Reviewing Forms - US (R1),,Yes,No,['K']
Ruby (New),https://www.shl.com/products/product-catalog/view/ruby-new/,Ruby (New),,Yes,No,['K']
Ruby on Rails (New),https://www.shl.com/products/product-catalog/view/ruby-on-rails-new/,Ruby on Rails (New),,Yes,No,['K']
Sales & Service Phone Simulation,https://www.shl.com/products/product-catalog/view/sales-and-service-phone-simulation/,Sales & Service Phone Simulation,,Yes,No,"['S', 'B']"
Sales & Service Phone Solution,https://www.shl.com/products/product-catalog/view/sales-and-service-phone-solution/,Sales & Service Phone Solution,,Yes,No,"['B', 'P', 'S']"
Sales Interview Guide,https://www.shl.com/products/product-catalog/view/sales-interview-guide/,Sales Interview Guide,,Yes,No,"['P', 'P']"
Sales Profiler Cards,https://www.shl.com/products/product-catalog/view/sales-profiler-cards/,Sales Profiler Cards,,Yes,No,['P']
Sales Transformation 1.0 - Individual Contributor,https://www.shl.com/products/product-catalog/view/sales-transformation-report-individual-contributor/,Sales Transformation 1.0 - Individual Contributor,,Yes,No,['P']
Sales Transformation 2.0 - Individual Contributor,https://www.shl.com/products/product-catalog/view/salestransformationreport2-0-individualcontributor/,Sales Transformation 2.0 - Individual Contributor,,Yes,No,['P']
Sales Transformation Report 1.0 - Sales Manager,https://www.shl.com/products/product-catalog/view/sales-transformation-report-sales-manager/,Sales Transformation Report 1.0 - Sales Manager,,Yes,No,['P']
Sales Transformation Report 2.0 - Sales Manager,https://www.shl.com/products/product-catalog/view/sales-transformation-report-2-0-sales-manager/,Sales Transformation Report 2.0 - Sales Manager,,Yes,No,['P']
Salesforce Development (New),https://www.shl.com/products/product-catalog/view/salesforce-development-new/,Salesforce Development (New),,Yes,No,['K']
SAP ABAP (Advanced Level) (New),https://www.shl.com/products/product-catalog/view/sap-abap-advanced-level-new/,SAP ABAP (Advanced Level) (New),,Yes,No,['K']
SAP ABAP (Intermediate Level) (New),https://www.shl.com/products/product-catalog/view/sap-abap-intermediate-level-new/,SAP ABAP (Intermediate Level) (New),,Yes,No,['K']
SAP Basis (New),https://www.shl.com/products/product-catalog/view/sap-basis-new/,SAP Basis (New),,Yes,No,['K']
SAP Business Objects WebI (New),https://www.shl.com/products/product-catalog/view/sap-business-objects-webi-new/,SAP Business Objects WebI (New),,Yes,No,['K']
SAP BW (Business Warehouse) (New),https://www.shl.com/products/product-catalog/view/sap-bw-business-warehouse-new/,SAP BW (Business Warehouse) (New),,Yes,No,['K']
SAP HCM (Human Capital Management) (New),https://www.shl.com/products/product-catalog/view/sap-hcm-human-capital-management-new/,SAP HCM (Human Capital Management) (New),,Yes,No,['K']
SAP Hybris (New),https://www.shl.com/products/product-catalog/view/sap-hybris-new/,SAP Hybris (New),,Yes,No,['K']
SAP Materials Management (New),https://www.shl.com/products/product-catalog/view/sap-materials-management-new/,SAP Materials Management (New),,Yes,No,['K']
SAP SD (Sales and Distribution) (New),https://www.shl.com/products/product-catalog/view/sap-sd-sales-and-distribution-new/,SAP SD (Sales and Distribution) (New),,Yes,No,['K']
Search Engine Optimization (New),https://www.shl.com/products/product-catalog/view/search-engine-optimization-new/,Search Engine Optimization (New),,Yes,No,['K']
Selenium (New),https://www.shl.com/products/product-catalog/view/selenium-new/,Selenium (New),,Yes,No,['K']
Shell Scripting (New),https://www.shl.com/products/product-catalog/view/shell-scripting-new/,Shell Scripting (New),,Yes,No,['K']
SHL Verify Interactive - Inductive Reasoning,https://www.shl.com/products/product-catalog/view/shl-verify-interactive-inductive-reasoning/,SHL Verify Interactive - Inductive Reasoning,,Yes,Yes,"['A', 'S']"
SHL Verify Interactive – Deductive Reasoning,https://www.shl.com/products/product-catalog/view/shl-verify-interactive-deductive-reasoning/,SHL Verify Interactive – Deductive Reasoning,,Yes,Yes,"['A', 'S']"
SHL Verify Interactive – Numerical Reasoning,https://www.shl.com/products/product-catalog/view/shl-verify-interactive-numerical-reasoning/,SHL Verify Interactive – Numerical Reasoning,,Yes,Yes,"['A', 'S']"
SHL Verify Interactive G+,https://www.shl.com/products/product-catalog/view/shl-verify-interactive-g/,SHL Verify Interactive G+,36.0,Yes,Yes,['A']
SHL Verify Interactive Numerical Calculation,https://www.shl.com/products/product-catalog/view/shl-verify-interactive-numerical-calculation/,SHL Verify Interactive Numerical Calculation,,Yes,Yes,['A']
Siebel Development (New),https://www.shl.com/products/product-catalog/view/siebel-development-new/,Siebel Development (New),,Yes,No,['K']
Smart Interview Live,https://www.shl.com/products/product-catalog/view/smart-interview-live/,Smart Interview Live,,Yes,No,['P']
Smart Interview Live Coding,https://www.shl.com/products/product-catalog/view/smart-interview-live-coding/,Smart Interview Live Coding,,Yes,No,['K']
Smart Interview On Demand,https://www.shl.com/products/product-catalog/view/smart-interview-on-demand/,Smart Interview On Demand,,Yes,No,['P']
Social Media (New),https://www.shl.com/products/product-catalog/view/social-media-new/,Social Media (New),,Yes,No,['K']
Software Business Analysis,https://www.shl.com/products/product-catalog/view/software-business-analysis/,Software Business Analysis,,Yes,Yes,['K']
SonarQube (New),https://www.shl.com/products/product-catalog/view/sonarqube-new/,SonarQube (New),,Yes,No,['K']
Spelling (U.S.) (New),https://www.shl.com/products/product-catalog/view/spelling-u-s-new/,Spelling (U.S.) (New),,Yes,No,['K']
Split Screen Typing Test - Form 1,https://www.shl.com/products/product-catalog/view/split-screen-typing-test-form-1/,Split Screen Typing Test - Form 1,,Yes,No,"['A', 'K']"
Spring (New),https://www.shl.com/products/product-catalog/view/spring-new/,Spring (New),,Yes,No,['K']
SQL (New),https://www.shl.com/products/product-catalog/view/sql-new/,SQL (New),,Yes,No,['K']
SQL Server (New),https://www.shl.com/products/product-catalog/view/sql-server-new/,SQL Server (New),,Yes,No,['K']
SQL Server Analysis Services (SSAS) (New),https://www.shl.com/products/product-catalog/view/sql-server-analysis-services-%28ssas%29-%28new%29/,SQL Server Analysis Services (SSAS) (New),,Yes,No,['K']
SQL Server Integration Services (SSIS) (New),https://www.shl.com/products/product-catalog/view/sql-server-integration-services-ssis-new/,SQL Server Integration Services (SSIS) (New),,Yes,No,['K']
SQL Server Reporting Services (SSRS) (New),https://www.shl.com/products/product-catalog/view/sql-server-reporting-services-ssrs-new/,SQL Server Reporting Services (SSRS) (New),,Yes,No,['K']
Statistical Analysis System (New),https://www.shl.com/products/product-catalog/view/statistical-analysis-system-new/,Statistical Analysis System (New),,Yes,No,['K']
Struts (New),https://www.shl.com/products/product-catalog/view/struts-new/,Struts (New),,Yes,No,['K']
SVAR - Spoken English (AUS),https://www.shl.com/products/product-catalog/view/svar-spoken-english-aus/,SVAR - Spoken English (AUS),,Yes,No,['S']
SVAR - Spoken English (Indian Accent)  (New),https://www.shl.com/products/product-catalog/view/svar-spoken-english-indian-accent-new/,SVAR - Spoken English (Indian Accent)  (New),,Yes,No,['S']
SVAR - Spoken English (U.K.),https://www.shl.com/products/product-catalog/view/svar-spoken-english-u-k/,SVAR - Spoken English (U.K.),,Yes,No,['S']
SVAR - Spoken English (US)  (New),https://www.shl.com/products/product-catalog/view/svar-spoken-english-us-new/,SVAR - Spoken English (US)  (New),,Yes,No,['S']
SVAR - Spoken French (Canadian) (New),https://www.shl.com/products/product-catalog/view/svar-spoken-french-canadian-new/,SVAR - Spoken French (Canadian) (New),,Yes,No,['S']
SVAR - Spoken French (European) (New),https://www.shl.com/products/product-catalog/view/svar-spoken-french-european-new/,SVAR - Spoken French (European) (New),,Yes,No,['S']
SVAR - Spoken Spanish (Castilian) (New),https://www.shl.com/products/product-catalog/view/svar-spoken-spanish-castilian-new/,SVAR - Spoken Spanish (Castilian) (New),,Yes,No,['S']
SVAR - Spoken Spanish (North American) (New),https://www.shl.com/products/product-catalog/view/svar-spoken-spanish-north-american-new/,SVAR - Spoken Spanish (North American) (New),,Yes,No,['S']
Swing (New),https://www.shl.com/products/product-catalog/view/swing-new/,Swing (New),,Yes,No,['K']
Tableau (New),https://www.shl.com/products/product-catalog/view/tableau-new/,Tableau (New),,Yes,No,['K']
Telecommunications Engineering (New),https://www.shl.com/products/product-catalog/view/telecommunications-engineering-new/,Telecommunications Engineering (New),,Yes,No,['K']
Teradata Development (New),https://www.shl.com/products/product-catalog/view/teradata-development-new/,Teradata Development (New),,Yes,No,['K']
Time Management (U.S.),https://www.shl.com/products/product-catalog/view/time-management-u-s/,Time Management (U.S.),,Yes,Yes,['K']
Training Development,https://www.shl.com/products/product-catalog/view/training-development/,Training Development,,Yes,Yes,['K']
Typing (New),https://www.shl.com/products/product-catalog/view/typing-new/,Typing (New),,Yes,No,['S']
UiPath RPA Development (New),https://www.shl.com/products/product-catalog/view/uipath-rpa-development-new/,UiPath RPA Development (New),,Yes,No,['K']
Universal Competency Framework Interview Guide,https://www.shl.com/products/product-catalog/view/universal-competency-framework-interview-guide/,Universal Competency Framework Interview Guide,,Yes,No,"['C', 'P']"
Universal Competency Framework Job profiling guide,https://www.shl.com/products/product-catalog/view/universal-competency-framework-job-profiling-guide/,Universal Competency Framework Job profiling guide,,Yes,No,"['C', 'P']"
Universal Competency Framework Profiler Cards (44),https://www.shl.com/products/product-catalog/view/universal-competency-framework-profiler-cards-44/,Universal Competency Framework Profiler Cards (44),,Yes,No,"['C', 'P']"
UNIX (New),https://www.shl.com/products/product-catalog/view/unix-new/,UNIX (New),,Yes,No,['K']
VB.NET (New),https://www.shl.com/products/product-catalog/view/vb-net-new/,VB.NET (New),,Yes,No,['K']
Verify - Deductive Reasoning,https://www.shl.com/products/product-catalog/view/verify-deductive-reasoning/,Verify - Deductive Reasoning,18.0,Yes,Yes,['A']
Verify - Following Instructions,https://www.shl.com/products/product-catalog/view/verify-following-instructions/,Verify - Following Instructions,,Yes,No,['A']
Verify - G+,https://www.shl.com/products/product-catalog/view/verify-g/,Verify - G+,,Yes,Yes,['A']
Verify - General Ability Screen,https://www.shl.com/products/product-catalog/view/verify-general-ability-screen/,Verify - General Ability Screen,,Yes,Yes,['A']
Verify - Inductive Reasoning (2014),https://www.shl.com/products/product-catalog/view/verify-inductive-reasoning-2014/,Verify - Inductive Reasoning (2014),,Yes,Yes,['A']
Verify - Numerical Ability,https://www.shl.com/products/product-catalog/view/verify-numerical-ability/,Verify - Numerical Ability,20.0,Yes,Yes,['A']
Verify - Technical Checking - Next Generation,https://www.shl.com/products/product-catalog/view/verify-technical-checking-next-generation/,Verify - Technical Checking - Next Generation,,Yes,No,['A']
Verify - Verbal Ability - Next Generation,https://www.shl.com/products/product-catalog/view/verify-verbal-ability-next-generation/,Verify - Verbal Ability - Next Generation,15.0,Yes,Yes,['A']
Verify - Working with Information,https://www.shl.com/products/product-catalog/view/verify-working-with-information/,Verify - Working with Information,,Yes,No,['A']
Verify G+ - Ability Test Report,https://www.shl.com/products/product-catalog/view/verify-g-ability-test-report/,Verify G+ - Ability Test Report,,Yes,No,['A']
Verify G+ - Candidate Report,https://www.shl.com/products/product-catalog/view/verify-g-candidate-report/,Verify G+ - Candidate Report,,Yes,No,['A']
Verify Interactive Ability Report,https://www.shl.com/products/product-catalog/view/verify-interactive-ability-report/,Verify Interactive Ability Report,,Yes,No,['A']
Verify Interactive G+ Candidate Report,https://www.shl.com/products/product-catalog/view/verify-interactive-g-candidate-report/,Verify Interactive G+ Candidate Report,,Yes,No,['A']
Verify Interactive G+ Report,https://www.shl.com/products/product-catalog/view/verify-interactive-g-report/,Verify Interactive G+ Report,,Yes,No,['A']
Verify Interactive Process Monitoring,https://www.shl.com/products/product-catalog/view/verify-interactive-process-monitoring/,Verify Interactive Process Monitoring,,Yes,No,['A']
Virtual Assessment and Development Centers,https://www.shl.com/products/product-catalog/view/virtual-assessment-and-development-centers/,Virtual Assessment and Development Centers,,Yes,No,['P']
Visual Basic for Applications (New),https://www.shl.com/products/product-catalog/view/visual-basic-for-applications-new/,Visual Basic for Applications (New),,Yes,No,['K']
Visual Comparison - UK,https://www.shl.com/products/product-catalog/view/visual-comparison-uk/,Visual Comparison - UK,,Yes,No,['K']
Visual Comparison - US,https://www.shl.com/products/product-catalog/view/visual-comparison-us/,Visual Comparison - US,,Yes,No,['K']
VLSI and Embedded Systems (New),https://www.shl.com/products/product-catalog/view/vlsi-and-embedded-systems-new/,VLSI and Embedded Systems (New),,Yes,No,['K']
What Is The Value - US,https://www.shl.com/products/product-catalog/view/what-is-the-value-us/,What Is The Value - US,,Yes,Yes,['K']
Workplace Administration Skills (New),https://www.shl.com/products/product-catalog/view/workplace-administration-skills-new/,Workplace Administration Skills (New),,Yes,No,['K']
Workplace Health and Safety (New),https://www.shl.com/products/product-catalog/view/workplace-health-and-safety-new/,Workplace Health and Safety (New),,Yes,No,['K']
WriteX - Email Writing (Customer Service) (New),https://www.shl.com/products/product-catalog/view/writex-email-writing-customer-service-new/,WriteX - Email Writing (Customer Service) (New),,Yes,No,['S']
WriteX - Email Writing (Managerial) (New),https://www.shl.com/products/product-catalog/view/writex-email-writing-managerial-new/,WriteX - Email Writing (Managerial) (New),,Yes,No,['S']
WriteX - Email Writing (Sales) (New),https://www.shl.com/products/product-catalog/view/writex-email-writing-sales-new/,WriteX - Email Writing (Sales) (New),,Yes,No,"['B', 'S']"
Written English v1,https://www.shl.com/products/product-catalog/view/written-english-v1/,Written English v1,,Yes,Yes,['K']
Written Spanish,https://www.shl.com/products/product-catalog/view/written-spanish/,Written Spanish,,Yes,Yes,['K']
Zabbix (New),https://www.shl.com/products/product-catalog/view/zabbix-new/,Zabbix (New),,Yes,No,['K']
360 Digital Report,https://www.shl.com/products/product-catalog/view/360-digital-report/,360 Digital Report,,Yes,No,['D']
360° Multi-Rater Feedback System (MFS),https://www.shl.com/products/product-catalog/view/360-multi-rater-feedback-system-mfs/,360° Multi-Rater Feedback System (MFS),,Yes,No,"['D', 'P']"
